-- Dados gerados a partir do código python EncheBanco.py

-- Gerando Departamentos
INSERT INTO Departamento (nome, lugar, id_depto) VALUES ('Matemática', 'Prédio J', 7742);
INSERT INTO Departamento (nome, lugar, id_depto) VALUES ('Física', 'Prédio Z', 9999);
INSERT INTO Departamento (nome, lugar, id_depto) VALUES ('Química', 'Prédio P', 8915);
INSERT INTO Departamento (nome, lugar, id_depto) VALUES ('Biologia', 'Prédio D', 787);
INSERT INTO Departamento (nome, lugar, id_depto) VALUES ('Computação', 'Prédio Q', 1536);
INSERT INTO Departamento (nome, lugar, id_depto) VALUES ('Estatística', 'Prédio F', 7153);
INSERT INTO Departamento (nome, lugar, id_depto) VALUES ('Engenharia', 'Prédio A', 6334);
INSERT INTO Departamento (nome, lugar, id_depto) VALUES ('Geofísica', 'Prédio H', 7600);

-- Gerando Cursos
INSERT INTO Curso (nome, id_curso, id_depto) VALUES ('Matemática', 337, 7742);
INSERT INTO Curso (nome, id_curso, id_depto) VALUES ('Engenharia Elétrica', 867, 9999);
INSERT INTO Curso (nome, id_curso, id_depto) VALUES ('Engenharia Química', 4122, 8915);
INSERT INTO Curso (nome, id_curso, id_depto) VALUES ('Biomedicina', 3028, 787);
INSERT INTO Curso (nome, id_curso, id_depto) VALUES ('Ciência da Computação', 4600, 1536);
INSERT INTO Curso (nome, id_curso, id_depto) VALUES ('Análise de Dados', 3298, 7153);
INSERT INTO Curso (nome, id_curso, id_depto) VALUES ('Engenharia Cívil', 494, 6334);
INSERT INTO Curso (nome, id_curso, id_depto) VALUES ('Geologia', 7990, 7600);

-- Gerando Matrizes Curriculares
INSERT INTO MatrizCurricular (id_matriz, id_curso) VALUES (1387, 337);
INSERT INTO MatrizCurricular (id_matriz, id_curso) VALUES (3333, 867);
INSERT INTO MatrizCurricular (id_matriz, id_curso) VALUES (6787, 4122);
INSERT INTO MatrizCurricular (id_matriz, id_curso) VALUES (3655, 3028);
INSERT INTO MatrizCurricular (id_matriz, id_curso) VALUES (383, 4600);
INSERT INTO MatrizCurricular (id_matriz, id_curso) VALUES (2905, 3298);
INSERT INTO MatrizCurricular (id_matriz, id_curso) VALUES (2408, 494);
INSERT INTO MatrizCurricular (id_matriz, id_curso) VALUES (8678, 7990);

-- Gerando Disciplinas
INSERT INTO Disciplina (nome, semestre, id_disciplina, id_matriz) VALUES ('QS-5419', 4, 657, 1387);
INSERT INTO Disciplina (nome, semestre, id_disciplina, id_matriz) VALUES ('GV-1382', 8, 469, 1387);
INSERT INTO Disciplina (nome, semestre, id_disciplina, id_matriz) VALUES ('GI-2152', 5, 2910, 1387);
INSERT INTO Disciplina (nome, semestre, id_disciplina, id_matriz) VALUES ('NJ-3213', 4, 2304, 1387);
INSERT INTO Disciplina (nome, semestre, id_disciplina, id_matriz) VALUES ('CZ-5375', 2, 8131, 1387);
INSERT INTO Disciplina (nome, semestre, id_disciplina, id_matriz) VALUES ('GS-0274', 3, 2896, 1387);
INSERT INTO Disciplina (nome, semestre, id_disciplina, id_matriz) VALUES ('FN-8592', 5, 5453, 3333);
INSERT INTO Disciplina (nome, semestre, id_disciplina, id_matriz) VALUES ('PI-6340', 7, 8538, 3333);
INSERT INTO Disciplina (nome, semestre, id_disciplina, id_matriz) VALUES ('YD-5053', 7, 110, 3333);
INSERT INTO Disciplina (nome, semestre, id_disciplina, id_matriz) VALUES ('VX-3783', 4, 9598, 3333);
INSERT INTO Disciplina (nome, semestre, id_disciplina, id_matriz) VALUES ('SN-1991', 3, 7470, 3333);
INSERT INTO Disciplina (nome, semestre, id_disciplina, id_matriz) VALUES ('WK-4213', 8, 5413, 3333);
INSERT INTO Disciplina (nome, semestre, id_disciplina, id_matriz) VALUES ('VD-9569', 4, 36, 6787);
INSERT INTO Disciplina (nome, semestre, id_disciplina, id_matriz) VALUES ('UV-6367', 2, 8261, 6787);
INSERT INTO Disciplina (nome, semestre, id_disciplina, id_matriz) VALUES ('AM-0070', 4, 7145, 6787);
INSERT INTO Disciplina (nome, semestre, id_disciplina, id_matriz) VALUES ('QE-9552', 5, 9031, 6787);
INSERT INTO Disciplina (nome, semestre, id_disciplina, id_matriz) VALUES ('UO-2798', 8, 2123, 6787);
INSERT INTO Disciplina (nome, semestre, id_disciplina, id_matriz) VALUES ('KX-7830', 5, 8826, 6787);
INSERT INTO Disciplina (nome, semestre, id_disciplina, id_matriz) VALUES ('RS-6285', 8, 4102, 3655);
INSERT INTO Disciplina (nome, semestre, id_disciplina, id_matriz) VALUES ('FU-0716', 4, 5193, 3655);
INSERT INTO Disciplina (nome, semestre, id_disciplina, id_matriz) VALUES ('OC-8601', 7, 6231, 3655);
INSERT INTO Disciplina (nome, semestre, id_disciplina, id_matriz) VALUES ('CY-9968', 7, 2011, 3655);
INSERT INTO Disciplina (nome, semestre, id_disciplina, id_matriz) VALUES ('FD-1311', 4, 1663, 3655);
INSERT INTO Disciplina (nome, semestre, id_disciplina, id_matriz) VALUES ('TQ-3453', 7, 462, 3655);
INSERT INTO Disciplina (nome, semestre, id_disciplina, id_matriz) VALUES ('SN-9666', 7, 2971, 383);
INSERT INTO Disciplina (nome, semestre, id_disciplina, id_matriz) VALUES ('QU-2560', 5, 3959, 383);
INSERT INTO Disciplina (nome, semestre, id_disciplina, id_matriz) VALUES ('JP-7126', 3, 2324, 383);
INSERT INTO Disciplina (nome, semestre, id_disciplina, id_matriz) VALUES ('TO-7889', 8, 4269, 383);
INSERT INTO Disciplina (nome, semestre, id_disciplina, id_matriz) VALUES ('IG-9016', 6, 1332, 383);
INSERT INTO Disciplina (nome, semestre, id_disciplina, id_matriz) VALUES ('KS-0356', 5, 54, 383);
INSERT INTO Disciplina (nome, semestre, id_disciplina, id_matriz) VALUES ('ZZ-1193', 5, 9213, 2905);
INSERT INTO Disciplina (nome, semestre, id_disciplina, id_matriz) VALUES ('KY-6461', 2, 219, 2905);
INSERT INTO Disciplina (nome, semestre, id_disciplina, id_matriz) VALUES ('KU-0867', 4, 9246, 2905);
INSERT INTO Disciplina (nome, semestre, id_disciplina, id_matriz) VALUES ('MV-1254', 4, 7738, 2905);
INSERT INTO Disciplina (nome, semestre, id_disciplina, id_matriz) VALUES ('IZ-9235', 7, 2460, 2905);
INSERT INTO Disciplina (nome, semestre, id_disciplina, id_matriz) VALUES ('WY-8600', 1, 356, 2905);
INSERT INTO Disciplina (nome, semestre, id_disciplina, id_matriz) VALUES ('RC-6285', 5, 6729, 2408);
INSERT INTO Disciplina (nome, semestre, id_disciplina, id_matriz) VALUES ('XU-1688', 1, 2051, 2408);
INSERT INTO Disciplina (nome, semestre, id_disciplina, id_matriz) VALUES ('PC-5358', 1, 8147, 2408);
INSERT INTO Disciplina (nome, semestre, id_disciplina, id_matriz) VALUES ('CA-1440', 2, 2033, 2408);
INSERT INTO Disciplina (nome, semestre, id_disciplina, id_matriz) VALUES ('LH-4103', 4, 3405, 2408);
INSERT INTO Disciplina (nome, semestre, id_disciplina, id_matriz) VALUES ('LK-9095', 4, 4409, 2408);
INSERT INTO Disciplina (nome, semestre, id_disciplina, id_matriz) VALUES ('BU-9091', 3, 1246, 8678);
INSERT INTO Disciplina (nome, semestre, id_disciplina, id_matriz) VALUES ('LT-6349', 6, 9005, 8678);
INSERT INTO Disciplina (nome, semestre, id_disciplina, id_matriz) VALUES ('RI-1855', 2, 7456, 8678);
INSERT INTO Disciplina (nome, semestre, id_disciplina, id_matriz) VALUES ('GI-5061', 1, 8234, 8678);
INSERT INTO Disciplina (nome, semestre, id_disciplina, id_matriz) VALUES ('HY-4001', 3, 3178, 8678);
INSERT INTO Disciplina (nome, semestre, id_disciplina, id_matriz) VALUES ('PI-9621', 2, 95, 8678);

-- Gerando Professores
INSERT INTO Professor (id_professor, nome, id_depto) VALUES (1649, 'Roriz Fogaça', 7742);
INSERT INTO Professor (id_professor, nome, id_depto) VALUES (721, 'Mair Almeida', 7742);
INSERT INTO Professor (id_professor, nome, id_depto) VALUES (5025, 'Axel Monteiro', 7742);
INSERT INTO Professor (id_professor, nome, id_depto) VALUES (6497, 'Edir Lopes', 9999);
INSERT INTO Professor (id_professor, nome, id_depto) VALUES (7189, 'Délcio Mendes', 9999);
INSERT INTO Professor (id_professor, nome, id_depto) VALUES (359, 'Sandrino da Rocha', 9999);
INSERT INTO Professor (id_professor, nome, id_depto) VALUES (1971, 'Cris Dias', 8915);
INSERT INTO Professor (id_professor, nome, id_depto) VALUES (2120, 'Onofre Monteiro', 8915);
INSERT INTO Professor (id_professor, nome, id_depto) VALUES (2423, 'Madaleno Costa', 8915);
INSERT INTO Professor (id_professor, nome, id_depto) VALUES (1135, 'Delfino Barros', 787);
INSERT INTO Professor (id_professor, nome, id_depto) VALUES (6897, 'Roriz Mendes', 787);
INSERT INTO Professor (id_professor, nome, id_depto) VALUES (9461, 'Cristiana Dias', 787);
INSERT INTO Professor (id_professor, nome, id_depto) VALUES (3620, 'Edir Costa', 1536);
INSERT INTO Professor (id_professor, nome, id_depto) VALUES (1908, 'Delfino Barros', 1536);
INSERT INTO Professor (id_professor, nome, id_depto) VALUES (6149, 'Cris Barros', 1536);
INSERT INTO Professor (id_professor, nome, id_depto) VALUES (4648, 'Mair Araújo', 7153);
INSERT INTO Professor (id_professor, nome, id_depto) VALUES (9904, 'Axel Cardoso', 7153);
INSERT INTO Professor (id_professor, nome, id_depto) VALUES (1557, 'Madaleno Souza', 7153);
INSERT INTO Professor (id_professor, nome, id_depto) VALUES (8167, 'Delfino Monteiro', 6334);
INSERT INTO Professor (id_professor, nome, id_depto) VALUES (3127, 'Ondina Melo', 6334);
INSERT INTO Professor (id_professor, nome, id_depto) VALUES (5484, 'Adalberto Teixeira', 6334);
INSERT INTO Professor (id_professor, nome, id_depto) VALUES (5653, 'Adalberto Mendes', 7600);
INSERT INTO Professor (id_professor, nome, id_depto) VALUES (7502, 'Cris Costa', 7600);
INSERT INTO Professor (id_professor, nome, id_depto) VALUES (1398, 'Ondina Fogaça', 7600);

-- Gerando Alunos
INSERT INTO Aluno (id_aluno, nome, id_curso) VALUES (8895, 'Délcio Barros', 337);
INSERT INTO Aluno (id_aluno, nome, id_curso) VALUES (4288, 'Gualter da Rocha', 337);
INSERT INTO Aluno (id_aluno, nome, id_curso) VALUES (2747, 'Nêuton Mendes', 337);
INSERT INTO Aluno (id_aluno, nome, id_curso) VALUES (3418, 'Josefina Rocha', 337);
INSERT INTO Aluno (id_aluno, nome, id_curso) VALUES (5952, 'Gualter de Souza', 337);
INSERT INTO Aluno (id_aluno, nome, id_curso) VALUES (1643, 'Onofre Barros', 867);
INSERT INTO Aluno (id_aluno, nome, id_curso) VALUES (5426, 'Apolónio Araújo', 867);
INSERT INTO Aluno (id_aluno, nome, id_curso) VALUES (812, 'Cristiana Cardoso', 867);
INSERT INTO Aluno (id_aluno, nome, id_curso) VALUES (9753, 'Axel Mendes', 867);
INSERT INTO Aluno (id_aluno, nome, id_curso) VALUES (4273, 'Quinota Silva', 867);
INSERT INTO Aluno (id_aluno, nome, id_curso) VALUES (3790, 'Adalberto Araújo', 4122);
INSERT INTO Aluno (id_aluno, nome, id_curso) VALUES (422, 'Thaís de Souza', 4122);
INSERT INTO Aluno (id_aluno, nome, id_curso) VALUES (5687, 'Nilce Araújo', 4122);
INSERT INTO Aluno (id_aluno, nome, id_curso) VALUES (9313, 'Mara Silva', 4122);
INSERT INTO Aluno (id_aluno, nome, id_curso) VALUES (2249, 'Sonja Dias', 4122);
INSERT INTO Aluno (id_aluno, nome, id_curso) VALUES (1599, 'Apolónio Viana', 3028);
INSERT INTO Aluno (id_aluno, nome, id_curso) VALUES (5241, 'Adalberto Cardoso', 3028);
INSERT INTO Aluno (id_aluno, nome, id_curso) VALUES (3508, 'Délcio Costa', 3028);
INSERT INTO Aluno (id_aluno, nome, id_curso) VALUES (4878, 'Fred Lopes', 3028);
INSERT INTO Aluno (id_aluno, nome, id_curso) VALUES (3205, 'Quinota Barros', 3028);
INSERT INTO Aluno (id_aluno, nome, id_curso) VALUES (1412, 'Axel Lopes', 4600);
INSERT INTO Aluno (id_aluno, nome, id_curso) VALUES (2843, 'Josefina Melo', 4600);
INSERT INTO Aluno (id_aluno, nome, id_curso) VALUES (2696, 'Mair Araújo', 4600);
INSERT INTO Aluno (id_aluno, nome, id_curso) VALUES (9317, 'Sandrino Costa', 4600);
INSERT INTO Aluno (id_aluno, nome, id_curso) VALUES (8807, 'Quinota Cardoso', 4600);
INSERT INTO Aluno (id_aluno, nome, id_curso) VALUES (9822, 'Mair Viana', 3298);
INSERT INTO Aluno (id_aluno, nome, id_curso) VALUES (7930, 'Diego Barros', 3298);
INSERT INTO Aluno (id_aluno, nome, id_curso) VALUES (5456, 'Nêuton Silva', 3298);
INSERT INTO Aluno (id_aluno, nome, id_curso) VALUES (4337, 'Cris Almeida', 3298);
INSERT INTO Aluno (id_aluno, nome, id_curso) VALUES (2410, 'Sonja Monteiro', 3298);
INSERT INTO Aluno (id_aluno, nome, id_curso) VALUES (7711, 'Nilce Viana', 494);
INSERT INTO Aluno (id_aluno, nome, id_curso) VALUES (7155, 'Diego Araújo', 494);
INSERT INTO Aluno (id_aluno, nome, id_curso) VALUES (5088, 'Nêuton de Souza', 494);
INSERT INTO Aluno (id_aluno, nome, id_curso) VALUES (9255, 'Sonja Barros', 494);
INSERT INTO Aluno (id_aluno, nome, id_curso) VALUES (873, 'Edir Barros', 494);
INSERT INTO Aluno (id_aluno, nome, id_curso) VALUES (5000, 'Onofre Lopes', 7990);
INSERT INTO Aluno (id_aluno, nome, id_curso) VALUES (7503, 'Cristiana Melo', 7990);
INSERT INTO Aluno (id_aluno, nome, id_curso) VALUES (5786, 'Axel Barros', 7990);
INSERT INTO Aluno (id_aluno, nome, id_curso) VALUES (6003, 'Quinota de Souza', 7990);
INSERT INTO Aluno (id_aluno, nome, id_curso) VALUES (1583, 'Ondina Santos', 7990);

-- Gerando relação Cursa
INSERT INTO Cursa (ano, semestre, nota, id_disciplina, id_aluno) VALUES (2021, 4, 0.46, 657, 8895);
INSERT INTO Cursa (ano, semestre, nota, id_disciplina, id_aluno) VALUES (2023, 8, 7.71, 469, 8895);
INSERT INTO Cursa (ano, semestre, nota, id_disciplina, id_aluno) VALUES (2022, 5, 7.48, 2910, 8895);
INSERT INTO Cursa (ano, semestre, nota, id_disciplina, id_aluno) VALUES (2021, 4, 8.67, 2304, 8895);
INSERT INTO Cursa (ano, semestre, nota, id_disciplina, id_aluno) VALUES (2020, 2, 4.17, 8131, 8895);
INSERT INTO Cursa (ano, semestre, nota, id_disciplina, id_aluno) VALUES (2021, 3, 0.43, 2896, 8895);
INSERT INTO Cursa (ano, semestre, nota, id_disciplina, id_aluno) VALUES (2021, 4, 6.78, 657, 4288);
INSERT INTO Cursa (ano, semestre, nota, id_disciplina, id_aluno) VALUES (2023, 8, 0.28, 469, 4288);
INSERT INTO Cursa (ano, semestre, nota, id_disciplina, id_aluno) VALUES (2022, 5, 7.22, 2910, 4288);
INSERT INTO Cursa (ano, semestre, nota, id_disciplina, id_aluno) VALUES (2021, 4, 3.46, 2304, 4288);
INSERT INTO Cursa (ano, semestre, nota, id_disciplina, id_aluno) VALUES (2020, 2, 7.51, 8131, 4288);
INSERT INTO Cursa (ano, semestre, nota, id_disciplina, id_aluno) VALUES (2021, 3, 6.18, 2896, 4288);
INSERT INTO Cursa (ano, semestre, nota, id_disciplina, id_aluno) VALUES (2021, 4, 3.15, 657, 2747);
INSERT INTO Cursa (ano, semestre, nota, id_disciplina, id_aluno) VALUES (2023, 8, 6.06, 469, 2747);
INSERT INTO Cursa (ano, semestre, nota, id_disciplina, id_aluno) VALUES (2022, 5, 0.7, 2910, 2747);
INSERT INTO Cursa (ano, semestre, nota, id_disciplina, id_aluno) VALUES (2021, 4, 2.78, 2304, 2747);
INSERT INTO Cursa (ano, semestre, nota, id_disciplina, id_aluno) VALUES (2020, 2, 5.95, 8131, 2747);
INSERT INTO Cursa (ano, semestre, nota, id_disciplina, id_aluno) VALUES (2021, 3, 1.8, 2896, 2747);
INSERT INTO Cursa (ano, semestre, nota, id_disciplina, id_aluno) VALUES (2021, 4, 9.71, 657, 3418);
INSERT INTO Cursa (ano, semestre, nota, id_disciplina, id_aluno) VALUES (2023, 8, 6.86, 469, 3418);
INSERT INTO Cursa (ano, semestre, nota, id_disciplina, id_aluno) VALUES (2022, 5, 4.89, 2910, 3418);
INSERT INTO Cursa (ano, semestre, nota, id_disciplina, id_aluno) VALUES (2021, 4, 4.86, 2304, 3418);
INSERT INTO Cursa (ano, semestre, nota, id_disciplina, id_aluno) VALUES (2020, 2, 0.83, 8131, 3418);
INSERT INTO Cursa (ano, semestre, nota, id_disciplina, id_aluno) VALUES (2021, 3, 2.94, 2896, 3418);
INSERT INTO Cursa (ano, semestre, nota, id_disciplina, id_aluno) VALUES (2021, 4, 0.01, 657, 5952);
INSERT INTO Cursa (ano, semestre, nota, id_disciplina, id_aluno) VALUES (2023, 8, 8.2, 469, 5952);
INSERT INTO Cursa (ano, semestre, nota, id_disciplina, id_aluno) VALUES (2022, 5, 2.3, 2910, 5952);
INSERT INTO Cursa (ano, semestre, nota, id_disciplina, id_aluno) VALUES (2021, 4, 3.38, 2304, 5952);
INSERT INTO Cursa (ano, semestre, nota, id_disciplina, id_aluno) VALUES (2020, 2, 3.1, 8131, 5952);
INSERT INTO Cursa (ano, semestre, nota, id_disciplina, id_aluno) VALUES (2021, 3, 2.93, 2896, 5952);
INSERT INTO Cursa (ano, semestre, nota, id_disciplina, id_aluno) VALUES (2022, 5, 3.94, 5453, 1643);
INSERT INTO Cursa (ano, semestre, nota, id_disciplina, id_aluno) VALUES (2023, 7, 6.98, 8538, 1643);
INSERT INTO Cursa (ano, semestre, nota, id_disciplina, id_aluno) VALUES (2023, 7, 8.26, 110, 1643);
INSERT INTO Cursa (ano, semestre, nota, id_disciplina, id_aluno) VALUES (2021, 4, 3.83, 9598, 1643);
INSERT INTO Cursa (ano, semestre, nota, id_disciplina, id_aluno) VALUES (2021, 3, 1.98, 7470, 1643);
INSERT INTO Cursa (ano, semestre, nota, id_disciplina, id_aluno) VALUES (2023, 8, 5.34, 5413, 1643);
INSERT INTO Cursa (ano, semestre, nota, id_disciplina, id_aluno) VALUES (2022, 5, 9.74, 5453, 5426);
INSERT INTO Cursa (ano, semestre, nota, id_disciplina, id_aluno) VALUES (2023, 7, 0.91, 8538, 5426);
INSERT INTO Cursa (ano, semestre, nota, id_disciplina, id_aluno) VALUES (2023, 7, 0.56, 110, 5426);
INSERT INTO Cursa (ano, semestre, nota, id_disciplina, id_aluno) VALUES (2021, 4, 3.55, 9598, 5426);
INSERT INTO Cursa (ano, semestre, nota, id_disciplina, id_aluno) VALUES (2021, 3, 5.94, 7470, 5426);
INSERT INTO Cursa (ano, semestre, nota, id_disciplina, id_aluno) VALUES (2023, 8, 7.46, 5413, 5426);
INSERT INTO Cursa (ano, semestre, nota, id_disciplina, id_aluno) VALUES (2022, 5, 5.11, 5453, 812);
INSERT INTO Cursa (ano, semestre, nota, id_disciplina, id_aluno) VALUES (2023, 7, 2.41, 8538, 812);
INSERT INTO Cursa (ano, semestre, nota, id_disciplina, id_aluno) VALUES (2023, 7, 0.89, 110, 812);
INSERT INTO Cursa (ano, semestre, nota, id_disciplina, id_aluno) VALUES (2021, 4, 4.89, 9598, 812);
INSERT INTO Cursa (ano, semestre, nota, id_disciplina, id_aluno) VALUES (2021, 3, 0.14, 7470, 812);
INSERT INTO Cursa (ano, semestre, nota, id_disciplina, id_aluno) VALUES (2023, 8, 6.88, 5413, 812);
INSERT INTO Cursa (ano, semestre, nota, id_disciplina, id_aluno) VALUES (2022, 5, 3.79, 5453, 9753);
INSERT INTO Cursa (ano, semestre, nota, id_disciplina, id_aluno) VALUES (2023, 7, 3.1, 8538, 9753);
INSERT INTO Cursa (ano, semestre, nota, id_disciplina, id_aluno) VALUES (2023, 7, 2.07, 110, 9753);
INSERT INTO Cursa (ano, semestre, nota, id_disciplina, id_aluno) VALUES (2021, 4, 6.02, 9598, 9753);
INSERT INTO Cursa (ano, semestre, nota, id_disciplina, id_aluno) VALUES (2021, 3, 1.55, 7470, 9753);
INSERT INTO Cursa (ano, semestre, nota, id_disciplina, id_aluno) VALUES (2023, 8, 0.11, 5413, 9753);
INSERT INTO Cursa (ano, semestre, nota, id_disciplina, id_aluno) VALUES (2022, 5, 6.4, 5453, 4273);
INSERT INTO Cursa (ano, semestre, nota, id_disciplina, id_aluno) VALUES (2023, 7, 9.27, 8538, 4273);
INSERT INTO Cursa (ano, semestre, nota, id_disciplina, id_aluno) VALUES (2023, 7, 1.7, 110, 4273);
INSERT INTO Cursa (ano, semestre, nota, id_disciplina, id_aluno) VALUES (2021, 4, 8.27, 9598, 4273);
INSERT INTO Cursa (ano, semestre, nota, id_disciplina, id_aluno) VALUES (2021, 3, 8.99, 7470, 4273);
INSERT INTO Cursa (ano, semestre, nota, id_disciplina, id_aluno) VALUES (2023, 8, 6.86, 5413, 4273);
INSERT INTO Cursa (ano, semestre, nota, id_disciplina, id_aluno) VALUES (2021, 4, 0.28, 36, 3790);
INSERT INTO Cursa (ano, semestre, nota, id_disciplina, id_aluno) VALUES (2020, 2, 9.91, 8261, 3790);
INSERT INTO Cursa (ano, semestre, nota, id_disciplina, id_aluno) VALUES (2021, 4, 3.25, 7145, 3790);
INSERT INTO Cursa (ano, semestre, nota, id_disciplina, id_aluno) VALUES (2022, 5, 2.9, 9031, 3790);
INSERT INTO Cursa (ano, semestre, nota, id_disciplina, id_aluno) VALUES (2023, 8, 9.77, 2123, 3790);
INSERT INTO Cursa (ano, semestre, nota, id_disciplina, id_aluno) VALUES (2022, 5, 5.38, 8826, 3790);
INSERT INTO Cursa (ano, semestre, nota, id_disciplina, id_aluno) VALUES (2021, 4, 3.76, 36, 422);
INSERT INTO Cursa (ano, semestre, nota, id_disciplina, id_aluno) VALUES (2020, 2, 4.92, 8261, 422);
INSERT INTO Cursa (ano, semestre, nota, id_disciplina, id_aluno) VALUES (2021, 4, 7.27, 7145, 422);
INSERT INTO Cursa (ano, semestre, nota, id_disciplina, id_aluno) VALUES (2022, 5, 0.79, 9031, 422);
INSERT INTO Cursa (ano, semestre, nota, id_disciplina, id_aluno) VALUES (2023, 8, 4.7, 2123, 422);
INSERT INTO Cursa (ano, semestre, nota, id_disciplina, id_aluno) VALUES (2022, 5, 2.69, 8826, 422);
INSERT INTO Cursa (ano, semestre, nota, id_disciplina, id_aluno) VALUES (2021, 4, 3.02, 36, 5687);
INSERT INTO Cursa (ano, semestre, nota, id_disciplina, id_aluno) VALUES (2020, 2, 2.42, 8261, 5687);
INSERT INTO Cursa (ano, semestre, nota, id_disciplina, id_aluno) VALUES (2021, 4, 8.14, 7145, 5687);
INSERT INTO Cursa (ano, semestre, nota, id_disciplina, id_aluno) VALUES (2022, 5, 5.24, 9031, 5687);
INSERT INTO Cursa (ano, semestre, nota, id_disciplina, id_aluno) VALUES (2023, 8, 8.0, 2123, 5687);
INSERT INTO Cursa (ano, semestre, nota, id_disciplina, id_aluno) VALUES (2022, 5, 7.07, 8826, 5687);
INSERT INTO Cursa (ano, semestre, nota, id_disciplina, id_aluno) VALUES (2021, 4, 1.62, 36, 9313);
INSERT INTO Cursa (ano, semestre, nota, id_disciplina, id_aluno) VALUES (2020, 2, 9.67, 8261, 9313);
INSERT INTO Cursa (ano, semestre, nota, id_disciplina, id_aluno) VALUES (2021, 4, 7.62, 7145, 9313);
INSERT INTO Cursa (ano, semestre, nota, id_disciplina, id_aluno) VALUES (2022, 5, 0.74, 9031, 9313);
INSERT INTO Cursa (ano, semestre, nota, id_disciplina, id_aluno) VALUES (2023, 8, 8.41, 2123, 9313);
INSERT INTO Cursa (ano, semestre, nota, id_disciplina, id_aluno) VALUES (2022, 5, 5.79, 8826, 9313);
INSERT INTO Cursa (ano, semestre, nota, id_disciplina, id_aluno) VALUES (2021, 4, 4.79, 36, 2249);
INSERT INTO Cursa (ano, semestre, nota, id_disciplina, id_aluno) VALUES (2020, 2, 9.67, 8261, 2249);
INSERT INTO Cursa (ano, semestre, nota, id_disciplina, id_aluno) VALUES (2021, 4, 0.87, 7145, 2249);
INSERT INTO Cursa (ano, semestre, nota, id_disciplina, id_aluno) VALUES (2022, 5, 1.95, 9031, 2249);
INSERT INTO Cursa (ano, semestre, nota, id_disciplina, id_aluno) VALUES (2023, 8, 8.41, 2123, 2249);
INSERT INTO Cursa (ano, semestre, nota, id_disciplina, id_aluno) VALUES (2022, 5, 7.22, 8826, 2249);
INSERT INTO Cursa (ano, semestre, nota, id_disciplina, id_aluno) VALUES (2023, 8, 0.72, 4102, 1599);
INSERT INTO Cursa (ano, semestre, nota, id_disciplina, id_aluno) VALUES (2021, 4, 0.66, 5193, 1599);
INSERT INTO Cursa (ano, semestre, nota, id_disciplina, id_aluno) VALUES (2023, 7, 1.05, 6231, 1599);
INSERT INTO Cursa (ano, semestre, nota, id_disciplina, id_aluno) VALUES (2023, 7, 3.36, 2011, 1599);
INSERT INTO Cursa (ano, semestre, nota, id_disciplina, id_aluno) VALUES (2021, 4, 2.07, 1663, 1599);
INSERT INTO Cursa (ano, semestre, nota, id_disciplina, id_aluno) VALUES (2023, 7, 2.31, 462, 1599);
INSERT INTO Cursa (ano, semestre, nota, id_disciplina, id_aluno) VALUES (2023, 8, 5.88, 4102, 5241);
INSERT INTO Cursa (ano, semestre, nota, id_disciplina, id_aluno) VALUES (2021, 4, 5.7, 5193, 5241);
INSERT INTO Cursa (ano, semestre, nota, id_disciplina, id_aluno) VALUES (2023, 7, 9.48, 6231, 5241);
INSERT INTO Cursa (ano, semestre, nota, id_disciplina, id_aluno) VALUES (2023, 7, 6.58, 2011, 5241);
INSERT INTO Cursa (ano, semestre, nota, id_disciplina, id_aluno) VALUES (2021, 4, 6.75, 1663, 5241);
INSERT INTO Cursa (ano, semestre, nota, id_disciplina, id_aluno) VALUES (2023, 7, 7.92, 462, 5241);
INSERT INTO Cursa (ano, semestre, nota, id_disciplina, id_aluno) VALUES (2023, 8, 2.87, 4102, 3508);
INSERT INTO Cursa (ano, semestre, nota, id_disciplina, id_aluno) VALUES (2021, 4, 0.67, 5193, 3508);
INSERT INTO Cursa (ano, semestre, nota, id_disciplina, id_aluno) VALUES (2023, 7, 3.25, 6231, 3508);
INSERT INTO Cursa (ano, semestre, nota, id_disciplina, id_aluno) VALUES (2023, 7, 0.08, 2011, 3508);
INSERT INTO Cursa (ano, semestre, nota, id_disciplina, id_aluno) VALUES (2021, 4, 7.08, 1663, 3508);
INSERT INTO Cursa (ano, semestre, nota, id_disciplina, id_aluno) VALUES (2023, 7, 6.49, 462, 3508);
INSERT INTO Cursa (ano, semestre, nota, id_disciplina, id_aluno) VALUES (2023, 8, 1.31, 4102, 4878);
INSERT INTO Cursa (ano, semestre, nota, id_disciplina, id_aluno) VALUES (2021, 4, 2.86, 5193, 4878);
INSERT INTO Cursa (ano, semestre, nota, id_disciplina, id_aluno) VALUES (2023, 7, 4.2, 6231, 4878);
INSERT INTO Cursa (ano, semestre, nota, id_disciplina, id_aluno) VALUES (2023, 7, 4.86, 2011, 4878);
INSERT INTO Cursa (ano, semestre, nota, id_disciplina, id_aluno) VALUES (2021, 4, 2.5, 1663, 4878);
INSERT INTO Cursa (ano, semestre, nota, id_disciplina, id_aluno) VALUES (2023, 7, 7.3, 462, 4878);
INSERT INTO Cursa (ano, semestre, nota, id_disciplina, id_aluno) VALUES (2023, 8, 4.73, 4102, 3205);
INSERT INTO Cursa (ano, semestre, nota, id_disciplina, id_aluno) VALUES (2021, 4, 7.02, 5193, 3205);
INSERT INTO Cursa (ano, semestre, nota, id_disciplina, id_aluno) VALUES (2023, 7, 7.98, 6231, 3205);
INSERT INTO Cursa (ano, semestre, nota, id_disciplina, id_aluno) VALUES (2023, 7, 9.24, 2011, 3205);
INSERT INTO Cursa (ano, semestre, nota, id_disciplina, id_aluno) VALUES (2021, 4, 2.97, 1663, 3205);
INSERT INTO Cursa (ano, semestre, nota, id_disciplina, id_aluno) VALUES (2023, 7, 7.0, 462, 3205);
INSERT INTO Cursa (ano, semestre, nota, id_disciplina, id_aluno) VALUES (2023, 7, 3.72, 2971, 1412);
INSERT INTO Cursa (ano, semestre, nota, id_disciplina, id_aluno) VALUES (2022, 5, 5.1, 3959, 1412);
INSERT INTO Cursa (ano, semestre, nota, id_disciplina, id_aluno) VALUES (2021, 3, 0.32, 2324, 1412);
INSERT INTO Cursa (ano, semestre, nota, id_disciplina, id_aluno) VALUES (2023, 8, 2.58, 4269, 1412);
INSERT INTO Cursa (ano, semestre, nota, id_disciplina, id_aluno) VALUES (2022, 6, 9.18, 1332, 1412);
INSERT INTO Cursa (ano, semestre, nota, id_disciplina, id_aluno) VALUES (2022, 5, 7.2, 54, 1412);
INSERT INTO Cursa (ano, semestre, nota, id_disciplina, id_aluno) VALUES (2023, 7, 6.9, 2971, 2843);
INSERT INTO Cursa (ano, semestre, nota, id_disciplina, id_aluno) VALUES (2022, 5, 9.68, 3959, 2843);
INSERT INTO Cursa (ano, semestre, nota, id_disciplina, id_aluno) VALUES (2021, 3, 6.77, 2324, 2843);
INSERT INTO Cursa (ano, semestre, nota, id_disciplina, id_aluno) VALUES (2023, 8, 7.67, 4269, 2843);
INSERT INTO Cursa (ano, semestre, nota, id_disciplina, id_aluno) VALUES (2022, 6, 9.03, 1332, 2843);
INSERT INTO Cursa (ano, semestre, nota, id_disciplina, id_aluno) VALUES (2022, 5, 9.15, 54, 2843);
INSERT INTO Cursa (ano, semestre, nota, id_disciplina, id_aluno) VALUES (2023, 7, 6.49, 2971, 2696);
INSERT INTO Cursa (ano, semestre, nota, id_disciplina, id_aluno) VALUES (2022, 5, 3.81, 3959, 2696);
INSERT INTO Cursa (ano, semestre, nota, id_disciplina, id_aluno) VALUES (2021, 3, 6.55, 2324, 2696);
INSERT INTO Cursa (ano, semestre, nota, id_disciplina, id_aluno) VALUES (2023, 8, 0.97, 4269, 2696);
INSERT INTO Cursa (ano, semestre, nota, id_disciplina, id_aluno) VALUES (2022, 6, 0.33, 1332, 2696);
INSERT INTO Cursa (ano, semestre, nota, id_disciplina, id_aluno) VALUES (2022, 5, 0.64, 54, 2696);
INSERT INTO Cursa (ano, semestre, nota, id_disciplina, id_aluno) VALUES (2023, 7, 8.62, 2971, 9317);
INSERT INTO Cursa (ano, semestre, nota, id_disciplina, id_aluno) VALUES (2022, 5, 5.23, 3959, 9317);
INSERT INTO Cursa (ano, semestre, nota, id_disciplina, id_aluno) VALUES (2021, 3, 6.04, 2324, 9317);
INSERT INTO Cursa (ano, semestre, nota, id_disciplina, id_aluno) VALUES (2023, 8, 6.43, 4269, 9317);
INSERT INTO Cursa (ano, semestre, nota, id_disciplina, id_aluno) VALUES (2022, 6, 5.11, 1332, 9317);
INSERT INTO Cursa (ano, semestre, nota, id_disciplina, id_aluno) VALUES (2022, 5, 2.85, 54, 9317);
INSERT INTO Cursa (ano, semestre, nota, id_disciplina, id_aluno) VALUES (2023, 7, 8.28, 2971, 8807);
INSERT INTO Cursa (ano, semestre, nota, id_disciplina, id_aluno) VALUES (2022, 5, 5.46, 3959, 8807);
INSERT INTO Cursa (ano, semestre, nota, id_disciplina, id_aluno) VALUES (2021, 3, 8.48, 2324, 8807);
INSERT INTO Cursa (ano, semestre, nota, id_disciplina, id_aluno) VALUES (2023, 8, 9.82, 4269, 8807);
INSERT INTO Cursa (ano, semestre, nota, id_disciplina, id_aluno) VALUES (2022, 6, 6.32, 1332, 8807);
INSERT INTO Cursa (ano, semestre, nota, id_disciplina, id_aluno) VALUES (2022, 5, 6.28, 54, 8807);
INSERT INTO Cursa (ano, semestre, nota, id_disciplina, id_aluno) VALUES (2022, 5, 2.08, 9213, 9822);
INSERT INTO Cursa (ano, semestre, nota, id_disciplina, id_aluno) VALUES (2020, 2, 4.91, 219, 9822);
INSERT INTO Cursa (ano, semestre, nota, id_disciplina, id_aluno) VALUES (2021, 4, 8.51, 9246, 9822);
INSERT INTO Cursa (ano, semestre, nota, id_disciplina, id_aluno) VALUES (2021, 4, 8.8, 7738, 9822);
INSERT INTO Cursa (ano, semestre, nota, id_disciplina, id_aluno) VALUES (2023, 7, 3.34, 2460, 9822);
INSERT INTO Cursa (ano, semestre, nota, id_disciplina, id_aluno) VALUES (2020, 1, 2.11, 356, 9822);
INSERT INTO Cursa (ano, semestre, nota, id_disciplina, id_aluno) VALUES (2022, 5, 2.09, 9213, 7930);
INSERT INTO Cursa (ano, semestre, nota, id_disciplina, id_aluno) VALUES (2020, 2, 7.6, 219, 7930);
INSERT INTO Cursa (ano, semestre, nota, id_disciplina, id_aluno) VALUES (2021, 4, 8.24, 9246, 7930);
INSERT INTO Cursa (ano, semestre, nota, id_disciplina, id_aluno) VALUES (2021, 4, 2.84, 7738, 7930);
INSERT INTO Cursa (ano, semestre, nota, id_disciplina, id_aluno) VALUES (2023, 7, 7.14, 2460, 7930);
INSERT INTO Cursa (ano, semestre, nota, id_disciplina, id_aluno) VALUES (2020, 1, 8.63, 356, 7930);
INSERT INTO Cursa (ano, semestre, nota, id_disciplina, id_aluno) VALUES (2022, 5, 6.17, 9213, 5456);
INSERT INTO Cursa (ano, semestre, nota, id_disciplina, id_aluno) VALUES (2020, 2, 3.9, 219, 5456);
INSERT INTO Cursa (ano, semestre, nota, id_disciplina, id_aluno) VALUES (2021, 4, 5.49, 9246, 5456);
INSERT INTO Cursa (ano, semestre, nota, id_disciplina, id_aluno) VALUES (2021, 4, 7.41, 7738, 5456);
INSERT INTO Cursa (ano, semestre, nota, id_disciplina, id_aluno) VALUES (2023, 7, 4.92, 2460, 5456);
INSERT INTO Cursa (ano, semestre, nota, id_disciplina, id_aluno) VALUES (2020, 1, 4.12, 356, 5456);
INSERT INTO Cursa (ano, semestre, nota, id_disciplina, id_aluno) VALUES (2022, 5, 2.42, 9213, 4337);
INSERT INTO Cursa (ano, semestre, nota, id_disciplina, id_aluno) VALUES (2020, 2, 0.8, 219, 4337);
INSERT INTO Cursa (ano, semestre, nota, id_disciplina, id_aluno) VALUES (2021, 4, 5.45, 9246, 4337);
INSERT INTO Cursa (ano, semestre, nota, id_disciplina, id_aluno) VALUES (2021, 4, 0.1, 7738, 4337);
INSERT INTO Cursa (ano, semestre, nota, id_disciplina, id_aluno) VALUES (2023, 7, 2.47, 2460, 4337);
INSERT INTO Cursa (ano, semestre, nota, id_disciplina, id_aluno) VALUES (2020, 1, 6.61, 356, 4337);
INSERT INTO Cursa (ano, semestre, nota, id_disciplina, id_aluno) VALUES (2022, 5, 7.38, 9213, 2410);
INSERT INTO Cursa (ano, semestre, nota, id_disciplina, id_aluno) VALUES (2020, 2, 4.1, 219, 2410);
INSERT INTO Cursa (ano, semestre, nota, id_disciplina, id_aluno) VALUES (2021, 4, 9.63, 9246, 2410);
INSERT INTO Cursa (ano, semestre, nota, id_disciplina, id_aluno) VALUES (2021, 4, 1.87, 7738, 2410);
INSERT INTO Cursa (ano, semestre, nota, id_disciplina, id_aluno) VALUES (2023, 7, 2.9, 2460, 2410);
INSERT INTO Cursa (ano, semestre, nota, id_disciplina, id_aluno) VALUES (2020, 1, 4.72, 356, 2410);
INSERT INTO Cursa (ano, semestre, nota, id_disciplina, id_aluno) VALUES (2022, 5, 7.04, 6729, 7711);
INSERT INTO Cursa (ano, semestre, nota, id_disciplina, id_aluno) VALUES (2020, 1, 3.67, 2051, 7711);
INSERT INTO Cursa (ano, semestre, nota, id_disciplina, id_aluno) VALUES (2020, 1, 3.85, 8147, 7711);
INSERT INTO Cursa (ano, semestre, nota, id_disciplina, id_aluno) VALUES (2020, 2, 2.48, 2033, 7711);
INSERT INTO Cursa (ano, semestre, nota, id_disciplina, id_aluno) VALUES (2021, 4, 9.35, 3405, 7711);
INSERT INTO Cursa (ano, semestre, nota, id_disciplina, id_aluno) VALUES (2021, 4, 8.65, 4409, 7711);
INSERT INTO Cursa (ano, semestre, nota, id_disciplina, id_aluno) VALUES (2022, 5, 5.37, 6729, 7155);
INSERT INTO Cursa (ano, semestre, nota, id_disciplina, id_aluno) VALUES (2020, 1, 9.77, 2051, 7155);
INSERT INTO Cursa (ano, semestre, nota, id_disciplina, id_aluno) VALUES (2020, 1, 2.74, 8147, 7155);
INSERT INTO Cursa (ano, semestre, nota, id_disciplina, id_aluno) VALUES (2020, 2, 3.58, 2033, 7155);
INSERT INTO Cursa (ano, semestre, nota, id_disciplina, id_aluno) VALUES (2021, 4, 2.47, 3405, 7155);
INSERT INTO Cursa (ano, semestre, nota, id_disciplina, id_aluno) VALUES (2021, 4, 0.89, 4409, 7155);
INSERT INTO Cursa (ano, semestre, nota, id_disciplina, id_aluno) VALUES (2022, 5, 5.51, 6729, 5088);
INSERT INTO Cursa (ano, semestre, nota, id_disciplina, id_aluno) VALUES (2020, 1, 5.82, 2051, 5088);
INSERT INTO Cursa (ano, semestre, nota, id_disciplina, id_aluno) VALUES (2020, 1, 1.1, 8147, 5088);
INSERT INTO Cursa (ano, semestre, nota, id_disciplina, id_aluno) VALUES (2020, 2, 3.8, 2033, 5088);
INSERT INTO Cursa (ano, semestre, nota, id_disciplina, id_aluno) VALUES (2021, 4, 9.18, 3405, 5088);
INSERT INTO Cursa (ano, semestre, nota, id_disciplina, id_aluno) VALUES (2021, 4, 9.38, 4409, 5088);
INSERT INTO Cursa (ano, semestre, nota, id_disciplina, id_aluno) VALUES (2022, 5, 4.27, 6729, 9255);
INSERT INTO Cursa (ano, semestre, nota, id_disciplina, id_aluno) VALUES (2020, 1, 1.88, 2051, 9255);
INSERT INTO Cursa (ano, semestre, nota, id_disciplina, id_aluno) VALUES (2020, 1, 0.3, 8147, 9255);
INSERT INTO Cursa (ano, semestre, nota, id_disciplina, id_aluno) VALUES (2020, 2, 3.63, 2033, 9255);
INSERT INTO Cursa (ano, semestre, nota, id_disciplina, id_aluno) VALUES (2021, 4, 6.33, 3405, 9255);
INSERT INTO Cursa (ano, semestre, nota, id_disciplina, id_aluno) VALUES (2021, 4, 3.7, 4409, 9255);
INSERT INTO Cursa (ano, semestre, nota, id_disciplina, id_aluno) VALUES (2022, 5, 9.44, 6729, 873);
INSERT INTO Cursa (ano, semestre, nota, id_disciplina, id_aluno) VALUES (2020, 1, 2.21, 2051, 873);
INSERT INTO Cursa (ano, semestre, nota, id_disciplina, id_aluno) VALUES (2020, 1, 3.09, 8147, 873);
INSERT INTO Cursa (ano, semestre, nota, id_disciplina, id_aluno) VALUES (2020, 2, 4.94, 2033, 873);
INSERT INTO Cursa (ano, semestre, nota, id_disciplina, id_aluno) VALUES (2021, 4, 9.25, 3405, 873);
INSERT INTO Cursa (ano, semestre, nota, id_disciplina, id_aluno) VALUES (2021, 4, 6.72, 4409, 873);
INSERT INTO Cursa (ano, semestre, nota, id_disciplina, id_aluno) VALUES (2021, 3, 6.04, 1246, 5000);
INSERT INTO Cursa (ano, semestre, nota, id_disciplina, id_aluno) VALUES (2022, 6, 8.04, 9005, 5000);
INSERT INTO Cursa (ano, semestre, nota, id_disciplina, id_aluno) VALUES (2020, 2, 9.17, 7456, 5000);
INSERT INTO Cursa (ano, semestre, nota, id_disciplina, id_aluno) VALUES (2020, 1, 2.22, 8234, 5000);
INSERT INTO Cursa (ano, semestre, nota, id_disciplina, id_aluno) VALUES (2021, 3, 0.04, 3178, 5000);
INSERT INTO Cursa (ano, semestre, nota, id_disciplina, id_aluno) VALUES (2020, 2, 5.26, 95, 5000);
INSERT INTO Cursa (ano, semestre, nota, id_disciplina, id_aluno) VALUES (2021, 3, 7.06, 1246, 7503);
INSERT INTO Cursa (ano, semestre, nota, id_disciplina, id_aluno) VALUES (2022, 6, 2.58, 9005, 7503);
INSERT INTO Cursa (ano, semestre, nota, id_disciplina, id_aluno) VALUES (2020, 2, 1.16, 7456, 7503);
INSERT INTO Cursa (ano, semestre, nota, id_disciplina, id_aluno) VALUES (2020, 1, 9.15, 8234, 7503);
INSERT INTO Cursa (ano, semestre, nota, id_disciplina, id_aluno) VALUES (2021, 3, 4.78, 3178, 7503);
INSERT INTO Cursa (ano, semestre, nota, id_disciplina, id_aluno) VALUES (2020, 2, 5.48, 95, 7503);
INSERT INTO Cursa (ano, semestre, nota, id_disciplina, id_aluno) VALUES (2021, 3, 7.08, 1246, 5786);
INSERT INTO Cursa (ano, semestre, nota, id_disciplina, id_aluno) VALUES (2022, 6, 4.82, 9005, 5786);
INSERT INTO Cursa (ano, semestre, nota, id_disciplina, id_aluno) VALUES (2020, 2, 4.2, 7456, 5786);
INSERT INTO Cursa (ano, semestre, nota, id_disciplina, id_aluno) VALUES (2020, 1, 5.83, 8234, 5786);
INSERT INTO Cursa (ano, semestre, nota, id_disciplina, id_aluno) VALUES (2021, 3, 4.53, 3178, 5786);
INSERT INTO Cursa (ano, semestre, nota, id_disciplina, id_aluno) VALUES (2020, 2, 9.11, 95, 5786);
INSERT INTO Cursa (ano, semestre, nota, id_disciplina, id_aluno) VALUES (2021, 3, 3.13, 1246, 6003);
INSERT INTO Cursa (ano, semestre, nota, id_disciplina, id_aluno) VALUES (2022, 6, 6.96, 9005, 6003);
INSERT INTO Cursa (ano, semestre, nota, id_disciplina, id_aluno) VALUES (2020, 2, 3.47, 7456, 6003);
INSERT INTO Cursa (ano, semestre, nota, id_disciplina, id_aluno) VALUES (2020, 1, 4.68, 8234, 6003);
INSERT INTO Cursa (ano, semestre, nota, id_disciplina, id_aluno) VALUES (2021, 3, 1.19, 3178, 6003);
INSERT INTO Cursa (ano, semestre, nota, id_disciplina, id_aluno) VALUES (2020, 2, 9.38, 95, 6003);
INSERT INTO Cursa (ano, semestre, nota, id_disciplina, id_aluno) VALUES (2021, 3, 1.68, 1246, 1583);
INSERT INTO Cursa (ano, semestre, nota, id_disciplina, id_aluno) VALUES (2022, 6, 5.3, 9005, 1583);
INSERT INTO Cursa (ano, semestre, nota, id_disciplina, id_aluno) VALUES (2020, 2, 2.6, 7456, 1583);
INSERT INTO Cursa (ano, semestre, nota, id_disciplina, id_aluno) VALUES (2020, 1, 2.21, 8234, 1583);
INSERT INTO Cursa (ano, semestre, nota, id_disciplina, id_aluno) VALUES (2021, 3, 8.07, 3178, 1583);
INSERT INTO Cursa (ano, semestre, nota, id_disciplina, id_aluno) VALUES (2020, 2, 3.25, 95, 1583);

-- Gerando TCC
INSERT INTO TCC (id_tcc, titulo) VALUES (8597, 'Projeto ULR');
INSERT INTO TCC (id_tcc, titulo) VALUES (4003, 'Projeto ILJ');
INSERT INTO TCC (id_tcc, titulo) VALUES (8826, 'Projeto NTI');
INSERT INTO TCC (id_tcc, titulo) VALUES (2878, 'Projeto LQN');

-- Gerando relação Participa
INSERT INTO Participa (id_tcc, id_professor, id_aluno) VALUES (8597, 1649, 8895);
INSERT INTO Participa (id_tcc, id_professor, id_aluno) VALUES (8597, 1649, 4288);
INSERT INTO Participa (id_tcc, id_professor, id_aluno) VALUES (8597, 1649, 2747);
INSERT INTO Participa (id_tcc, id_professor, id_aluno) VALUES (8597, 1649, 3418);
INSERT INTO Participa (id_tcc, id_professor, id_aluno) VALUES (8597, 1649, 5952);
INSERT INTO Participa (id_tcc, id_professor, id_aluno) VALUES (4003, 721, 1643);
INSERT INTO Participa (id_tcc, id_professor, id_aluno) VALUES (4003, 721, 5426);
INSERT INTO Participa (id_tcc, id_professor, id_aluno) VALUES (4003, 721, 812);
INSERT INTO Participa (id_tcc, id_professor, id_aluno) VALUES (4003, 721, 9753);
INSERT INTO Participa (id_tcc, id_professor, id_aluno) VALUES (4003, 721, 4273);
INSERT INTO Participa (id_tcc, id_professor, id_aluno) VALUES (8826, 5025, 3790);
INSERT INTO Participa (id_tcc, id_professor, id_aluno) VALUES (8826, 5025, 422);
INSERT INTO Participa (id_tcc, id_professor, id_aluno) VALUES (8826, 5025, 5687);
INSERT INTO Participa (id_tcc, id_professor, id_aluno) VALUES (8826, 5025, 9313);
INSERT INTO Participa (id_tcc, id_professor, id_aluno) VALUES (8826, 5025, 2249);
INSERT INTO Participa (id_tcc, id_professor, id_aluno) VALUES (2878, 6497, 1599);
INSERT INTO Participa (id_tcc, id_professor, id_aluno) VALUES (2878, 6497, 5241);
INSERT INTO Participa (id_tcc, id_professor, id_aluno) VALUES (2878, 6497, 3508);
INSERT INTO Participa (id_tcc, id_professor, id_aluno) VALUES (2878, 6497, 4878);
INSERT INTO Participa (id_tcc, id_professor, id_aluno) VALUES (2878, 6497, 3205);

-- Gerando relação Leciona
INSERT INTO Leciona (ano, semestre, id_disciplina, id_professor) VALUES (2020, 4, 657, 1649);
INSERT INTO Leciona (ano, semestre, id_disciplina, id_professor) VALUES (2022, 8, 469, 1649);
INSERT INTO Leciona (ano, semestre, id_disciplina, id_professor) VALUES (2023, 5, 2910, 721);
INSERT INTO Leciona (ano, semestre, id_disciplina, id_professor) VALUES (2020, 4, 2304, 721);
INSERT INTO Leciona (ano, semestre, id_disciplina, id_professor) VALUES (2024, 2, 8131, 5025);
INSERT INTO Leciona (ano, semestre, id_disciplina, id_professor) VALUES (2020, 3, 2896, 5025);
INSERT INTO Leciona (ano, semestre, id_disciplina, id_professor) VALUES (2020, 5, 5453, 6497);
INSERT INTO Leciona (ano, semestre, id_disciplina, id_professor) VALUES (2023, 7, 8538, 6497);
INSERT INTO Leciona (ano, semestre, id_disciplina, id_professor) VALUES (2024, 7, 110, 7189);
INSERT INTO Leciona (ano, semestre, id_disciplina, id_professor) VALUES (2024, 4, 9598, 7189);
INSERT INTO Leciona (ano, semestre, id_disciplina, id_professor) VALUES (2020, 3, 7470, 359);
INSERT INTO Leciona (ano, semestre, id_disciplina, id_professor) VALUES (2020, 8, 5413, 359);
INSERT INTO Leciona (ano, semestre, id_disciplina, id_professor) VALUES (2020, 4, 36, 1971);
INSERT INTO Leciona (ano, semestre, id_disciplina, id_professor) VALUES (2021, 2, 8261, 1971);
INSERT INTO Leciona (ano, semestre, id_disciplina, id_professor) VALUES (2020, 4, 7145, 2120);
INSERT INTO Leciona (ano, semestre, id_disciplina, id_professor) VALUES (2021, 5, 9031, 2120);
INSERT INTO Leciona (ano, semestre, id_disciplina, id_professor) VALUES (2024, 8, 2123, 2423);
INSERT INTO Leciona (ano, semestre, id_disciplina, id_professor) VALUES (2022, 5, 8826, 2423);
INSERT INTO Leciona (ano, semestre, id_disciplina, id_professor) VALUES (2022, 8, 4102, 1135);
INSERT INTO Leciona (ano, semestre, id_disciplina, id_professor) VALUES (2021, 4, 5193, 1135);
INSERT INTO Leciona (ano, semestre, id_disciplina, id_professor) VALUES (2021, 7, 6231, 6897);
INSERT INTO Leciona (ano, semestre, id_disciplina, id_professor) VALUES (2023, 7, 2011, 6897);
INSERT INTO Leciona (ano, semestre, id_disciplina, id_professor) VALUES (2023, 4, 1663, 9461);
INSERT INTO Leciona (ano, semestre, id_disciplina, id_professor) VALUES (2021, 7, 462, 9461);
INSERT INTO Leciona (ano, semestre, id_disciplina, id_professor) VALUES (2024, 7, 2971, 3620);
INSERT INTO Leciona (ano, semestre, id_disciplina, id_professor) VALUES (2020, 5, 3959, 3620);
INSERT INTO Leciona (ano, semestre, id_disciplina, id_professor) VALUES (2024, 3, 2324, 1908);
INSERT INTO Leciona (ano, semestre, id_disciplina, id_professor) VALUES (2020, 8, 4269, 1908);
INSERT INTO Leciona (ano, semestre, id_disciplina, id_professor) VALUES (2022, 6, 1332, 6149);
INSERT INTO Leciona (ano, semestre, id_disciplina, id_professor) VALUES (2023, 5, 54, 6149);
INSERT INTO Leciona (ano, semestre, id_disciplina, id_professor) VALUES (2024, 5, 9213, 4648);
INSERT INTO Leciona (ano, semestre, id_disciplina, id_professor) VALUES (2020, 2, 219, 4648);
INSERT INTO Leciona (ano, semestre, id_disciplina, id_professor) VALUES (2022, 4, 9246, 9904);
INSERT INTO Leciona (ano, semestre, id_disciplina, id_professor) VALUES (2023, 4, 7738, 9904);
INSERT INTO Leciona (ano, semestre, id_disciplina, id_professor) VALUES (2020, 7, 2460, 1557);
INSERT INTO Leciona (ano, semestre, id_disciplina, id_professor) VALUES (2023, 1, 356, 1557);
INSERT INTO Leciona (ano, semestre, id_disciplina, id_professor) VALUES (2022, 5, 6729, 8167);
INSERT INTO Leciona (ano, semestre, id_disciplina, id_professor) VALUES (2022, 1, 2051, 8167);
INSERT INTO Leciona (ano, semestre, id_disciplina, id_professor) VALUES (2021, 1, 8147, 3127);
INSERT INTO Leciona (ano, semestre, id_disciplina, id_professor) VALUES (2024, 2, 2033, 3127);
INSERT INTO Leciona (ano, semestre, id_disciplina, id_professor) VALUES (2022, 4, 3405, 5484);
INSERT INTO Leciona (ano, semestre, id_disciplina, id_professor) VALUES (2023, 4, 4409, 5484);
INSERT INTO Leciona (ano, semestre, id_disciplina, id_professor) VALUES (2020, 3, 1246, 5653);
INSERT INTO Leciona (ano, semestre, id_disciplina, id_professor) VALUES (2024, 6, 9005, 5653);
INSERT INTO Leciona (ano, semestre, id_disciplina, id_professor) VALUES (2020, 2, 7456, 7502);
INSERT INTO Leciona (ano, semestre, id_disciplina, id_professor) VALUES (2023, 1, 8234, 7502);
INSERT INTO Leciona (ano, semestre, id_disciplina, id_professor) VALUES (2021, 3, 3178, 1398);
INSERT INTO Leciona (ano, semestre, id_disciplina, id_professor) VALUES (2022, 2, 95, 1398);

-- Atualizando tabelas co-depêndentes
UPDATE Departamento SET id_professor = 1649 WHERE id_depto = 7742;
UPDATE Departamento SET id_professor = 6497 WHERE id_depto = 9999;
UPDATE Departamento SET id_professor = 1971 WHERE id_depto = 8915;
UPDATE Departamento SET id_professor = 1135 WHERE id_depto = 787;
UPDATE Departamento SET id_professor = 3620 WHERE id_depto = 1536;
UPDATE Departamento SET id_professor = 4648 WHERE id_depto = 7153;
UPDATE Departamento SET id_professor = 8167 WHERE id_depto = 6334;
UPDATE Departamento SET id_professor = 5653 WHERE id_depto = 7600;

UPDATE Curso SET id_matriz = 1387 WHERE id_curso = 337;
UPDATE Curso SET id_matriz = 3333 WHERE id_curso = 867;
UPDATE Curso SET id_matriz = 6787 WHERE id_curso = 4122;
UPDATE Curso SET id_matriz = 3655 WHERE id_curso = 3028;
UPDATE Curso SET id_matriz = 383 WHERE id_curso = 4600;
UPDATE Curso SET id_matriz = 2905 WHERE id_curso = 3298;
UPDATE Curso SET id_matriz = 2408 WHERE id_curso = 494;
UPDATE Curso SET id_matriz = 8678 WHERE id_curso = 7990;
